insert into hereglegch values ('190810001', 'Бат', 'Болд', '1998-01-01', 'Эр', 99110501, 'bat@gmail.com'),
								('190810002', 'Цэцэг', 'Болд', '1975-02-02', 'Эм', 99196786, 'tsetsgee@gmail.com'),
                                ('190810003', 'Навчаа', 'Батхүү', '1989-03-03', 'Эм', 88556655, 'navchaa19@gmail.com'),
                                ('190810004', 'Болдхуяг', 'Баатар', '1992-04-04', 'Эр', 85324578, 'boldoo56@gmail.com'),
                                ('190810005', 'Мөнхболор', 'Ганхуяг', '1996-05-05', 'Эм', 99053321, 'munhbolor@yahoo.com');

insert into buteegdehuun values('S190801', 'Хоолойд тулсан захтай цамц', 'Rivalry crew', 85000, 3, 4, 1, 1),
							   ('J190801', 'Ноосон хүрэм, пальто', 'Пальто', 928000, 4, 4, 4, 4),
                               ('T190801', 'Хөлс шингээдэг подволк', 'Top LS Comp', 89000, 2, 3, 2, 4),
                               ('S190802', 'Хоолойд тулсан захтай цамц', 'Jemper', 158000, 5, 4, 6, 5);
                               

insert into buteegdehuun values('T190802', 'Даавуун материалтай подволк', 'Filthy Frank merch', 225000, 6, 3, 1, 3);


insert into zahialga values(1910080001, 1, '190810001', '2019-10-8'),
					 (1910070001, 2, '190810001', '2019-10-7'),
                     (1910080003, 3, '190810002', '2019-10-8'),
                     (1910080004, 6, '190810003', '2019-10-8'),
                     (1910080005, 5, '190810004', '2019-10-8'),
                     (1910080006, 1, '190810005', '2019-10-8');
                     
                     
insert into zahialga values(1909080001, 1, '190810100', '2019-09-8', '16-104');

insert into zahialsanbuteegdehuun values(1909080001, 1909080001, 'S190801', 1),
										(1909080002, 1909080001, 'J190801', 1);

                     
insert into zahialga values (1910080002, 3, '190810003', '2019-10-8');

insert into zahialsanbuteegdehuun values(1910070001, 1910070001, 'S190801', 1),
										(1910070002, 1910070001, 'J190801', 1),
                                        (1910070003, 1910070002, 'S190802', 1),
                                        (1910080001, 1910080001, 'H190801', 2),
                                        (1910080002, 1910080001, 'J190801', 1),
                                        (1910080003, 1910080002, 'T190801', 1),
                                        (1910080004, 1910080003, 'J190801', 2),
                                        (1910080005, 1910080004, 'S190801', 1),
                                        (1910080006, 1910080005, 'S190802', 1),
                                        (1910080007, 1910080006, 'J190801', 2),
                                        (1910080008, 1910080006, 'T190801', 1);
                                        
insert into hurgelt values(1, 1910080001, 'H19031501', '2019-10-8', 95900501);


insert into hurgelt values(2, 1910080006, 'H19031501', '2019-10-8', 95900501),
						  (3, 1910070001, 'H19031501', '2019-10-8', 99110502),
                          (4, 1910070002, 'H19031501', '2019-10-8', 99190502),
                          (5, 1910080002, 'H19031501', '2019-10-8', 99850502),
                          (6, 1910080004, 'H19031501', '2019-10-8', 88565565);
                          
select * from butsaalt;

insert into butsaalt values(1, 1910080006, 'T190801', '2019-10-8', 'H19031501', 1),
						   (2, 1910070002, 'S190802', '2019-10-8', 'H19031501', 5);
                           
update hereglegch 
set phone = 88888888, email= 'k@yahoo.com'
where id = '190810001';

update hereglegch
set id = '190810200'
where id = '190810002';

delete from duureg 
where id = 1;

select * from zahialga;

update unelgee
set text = 'Good', rating = Null
where id = 1;

update cause 
set description = "bla bla"
where id = 1;

select * from cause;



select * from zahialga;

select * from zahialsanbuteegdehuun;

delete from zahialga
where id = 1;

insert into zahialga values (1, 3, '190810003', '2019-10-8', '16-104');

insert into zahialsanbuteegdehuun values(1, 1, 'S190801', 1);



